,residue,non-NaN_interactions,non-NaN_nonzero_interactions
0,1.32,297,0
1,1.33,310,0
2,1.34,342,2
3,1.35,347,10
4,1.36,337,1
5,1.37,353,0
6,1.38,357,2
7,1.39,359,13
8,1.40,361,0
9,1.41,336,0
10,1.42,356,8
11,1.43,362,2
12,1.44,355,0
13,1.45,362,0
14,1.46,362,0
15,1.47,363,0
16,1.48,357,0
17,1.49,333,0
18,1.50,364,0
19,1.51,363,0
20,1.52,348,0
21,1.53,361,0
22,1.54,362,0
23,1.55,355,0
24,1.56,358,0
25,1.57,347,0
26,1.58,342,0
27,1.59,302,0
28,2.38,318,0
29,2.39,355,1
30,2.40,361,0
31,2.41,364,2
32,2.42,362,0
33,2.43,364,0
34,2.44,364,0
35,2.45,362,2
36,2.46,364,0
37,2.47,364,0
38,2.48,306,2
39,2.49,364,0
40,2.50,364,3
41,2.51,364,0
42,2.52,364,0
43,2.53,364,7
44,2.54,364,4
45,2.55,364,0
46,2.56,364,5
47,2.57,364,20
48,2.58,364,5
49,2.59,364,1
50,2.60,364,49
51,2.61,364,41
52,2.62,364,1
53,2.63,364,14
54,2.64,361,43
55,2.65,354,20
56,2.66,336,1
57,3.22,306,0
58,3.23,329,1
59,3.24,346,1
60,3.25,347,6
61,3.26,364,1
62,3.27,364,0
63,3.28,364,48
64,3.29,364,71
65,3.30,364,4
66,3.31,364,0
67,3.32,364,210
68,3.33,364,181
69,3.34,364,2
70,3.35,364,6
71,3.36,364,114
72,3.37,364,37
73,3.38,364,0
74,3.39,364,2
75,3.40,364,3
76,3.41,364,1
77,3.42,364,0
78,3.43,364,0
79,3.44,364,1
80,3.45,364,1
81,3.46,364,0
82,3.47,364,0
83,3.48,364,0
84,3.49,364,0
85,3.50,364,0
86,3.51,364,0
87,3.52,364,0
88,3.53,363,0
89,3.54,360,0
90,3.55,341,0
91,4.39,332,0
92,4.40,349,0
93,4.41,357,0
94,4.42,363,0
95,4.43,364,0
96,4.44,364,0
97,4.45,364,1
98,4.46,364,8
99,4.47,364,2
100,4.48,364,0
101,4.49,364,0
102,4.50,364,12
103,4.51,364,0
104,4.52,364,1
105,4.53,363,0
106,4.54,363,2
107,4.55,363,0
108,4.56,363,6
109,4.57,362,11
110,4.58,357,2
111,4.59,351,0
112,4.60,351,30
113,4.61,347,1
114,4.62,334,0
115,5.36,334,3
116,5.37,357,0
117,5.38,360,43
118,5.39,364,47
119,5.40,364,13
120,5.41,364,2
121,5.42,364,108
122,5.43,364,29
123,5.44,364,3
124,5.45,364,1
125,5.46,364,69
126,5.47,364,14
127,5.48,364,1
128,5.49,364,1
129,5.50,364,1
130,5.51,364,0
131,5.52,364,0
132,5.53,364,1
133,5.54,364,0
134,5.55,364,0
135,5.56,364,0
136,5.57,364,0
137,5.58,364,0
138,5.59,364,0
139,5.60,364,0
140,5.61,364,0
141,5.62,364,0
142,5.63,364,0
143,5.64,357,0
144,5.65,340,0
145,5.66,303,0
146,6.30,308,0
147,6.31,329,0
148,6.32,345,0
149,6.33,349,0
150,6.34,358,0
151,6.35,364,0
152,6.36,364,0
153,6.37,364,0
154,6.38,364,0
155,6.39,364,0
156,6.40,364,0
157,6.41,364,0
158,6.42,364,0
159,6.43,364,0
160,6.44,364,2
161,6.45,364,1
162,6.46,364,0
163,6.47,364,1
164,6.48,364,109
165,6.49,364,2
166,6.50,364,2
167,6.51,364,197
168,6.52,364,151
169,6.53,364,1
170,6.54,364,16
171,6.55,363,159
172,6.56,363,0
173,6.57,353,3
174,6.58,350,30
175,6.59,339,4
176,7.32,330,17
177,7.33,339,1
178,7.34,352,3
179,7.35,355,82
180,7.36,363,46
181,7.37,363,2
182,7.38,363,6
183,7.39,363,186
184,7.40,363,18
185,7.41,363,2
186,7.42,363,40
187,7.43,364,72
188,7.44,364,0
189,7.45,364,1
190,7.46,364,7
191,7.47,364,1
192,7.48,364,0
193,7.49,364,0
194,7.50,364,0
195,7.51,364,0
196,7.52,364,0
197,7.53,340,0
198,7.54,303,0
